{"cameraMode":{"drawMode":0,"name":"Shaded","section":"Shading Mode"},"sceneLighting":false,"audioPlay":false,"sceneViewState":{"m_AlwaysRefresh":false,"showFog":true,"showSkybox":false,"showFlares":true,"showImageEffects":true,"showParticleSystems":true,"showVisualEffectGraphs":true,"m_FxEnabled":true},"in2DMode":false,"pivot":{"x":6.998439311981201,"y":1.5901434421539307,"z":-2.3378028869628908},"rotation":{"x":0.07085738331079483,"y":0.9268817901611328,"z":-0.2922120988368988,"w":0.22479519248008729},"size":1.8133889436721802,"orthographic":false}