{"cameraMode":{"drawMode":0,"name":"Shaded","section":"Shading Mode"},"sceneLighting":true,"audioPlay":false,"sceneViewState":{"m_AlwaysRefresh":false,"showFog":true,"showSkybox":true,"showFlares":true,"showImageEffects":true,"showParticleSystems":true,"showVisualEffectGraphs":true,"m_FxEnabled":true},"in2DMode":false,"pivot":{"x":16.377094268798829,"y":0.14748406410217286,"z":7.217432498931885},"rotation":{"x":-0.035965126007795337,"y":-0.9482360482215881,"z":0.29332685470581057,"w":-0.1163601279258728},"size":1.4462319612503052,"orthographic":false}