{"cameraMode":{"drawMode":0,"name":"Shaded","section":"Shading Mode"},"sceneLighting":false,"audioPlay":false,"sceneViewState":{"m_AlwaysRefresh":false,"showFog":true,"showSkybox":false,"showFlares":true,"showImageEffects":true,"showParticleSystems":true,"showVisualEffectGraphs":true,"m_FxEnabled":true},"in2DMode":false,"pivot":{"x":-0.060045480728149417,"y":1.9999994039535523,"z":-1.5243444442749024},"rotation":{"x":-0.05838488042354584,"y":-0.3257138431072235,"z":0.02017337456345558,"w":-0.9434875249862671},"size":2.531796932220459,"orthographic":false}