{"cameraMode":{"drawMode":0,"name":"Shaded","section":"Shading Mode"},"sceneLighting":false,"audioPlay":false,"sceneViewState":{"m_AlwaysRefresh":false,"showFog":false,"showSkybox":false,"showFlares":false,"showImageEffects":false,"showParticleSystems":false,"showVisualEffectGraphs":true,"m_FxEnabled":true},"in2DMode":false,"pivot":{"x":0.07994383573532105,"y":0.8355627655982971,"z":-1.0797452926635743},"rotation":{"x":0.0038703239988535644,"y":-0.9917955994606018,"z":0.12443242222070694,"w":0.030687784776091577},"size":1.1492254734039307,"orthographic":false}